{
  "K": [
    [
      479.6282383116871,
      0.0,
      332.9173055453773
    ],
    [
      0.0,
      474.3430964512479,
      263.0389682336652
    ],
    [
      0.0,
      0.0,
      1.0
    ]
  ],
  "D": [
    [
      -0.14181954923209444
    ],
    [
      0.4849328680372584
    ],
    [
      -1.3525607736971972
    ],
    [
      1.3236031918780065
    ]
  ],
  "img_shape": [
    640,
    480
  ]
}